{"Communication Services": {"money": 72788990.20109999, "percent": 2.5881900959662785}, "Industrials": {"money": 278664480.5175, "percent": 9.908595332623284}, "Consumer Cyclical": {"money": 487410931.00689995, "percent": 17.331084561174436}, "Consumer Defensive": {"money": 171842790.2545, "percent": 6.110289572243388}, "Energy": {"money": 139024700.2644, "percent": 4.943362331650575}, "Utilities": {"money": 89146125.05160001, "percent": 3.1698079244522304}, "Financial Services": {"money": 585644671.4128001, "percent": 20.824024816367466}, "Healthcare": {"money": 229751975.4262, "percent": 8.169391905065778}, "Basic Materials": {"money": 327746606.2568, "percent": 11.653830036064852}, "Technology": {"money": 356409225.5367, "percent": 12.672999379391833}, "Realestate": {"money": 63914775.0714, "percent": 2.2726457307441805}, "total_amount_invested": 2812351006}