{"Communication Services": {"money": 598246.5, "percent": 6.0729519845700946}, "Industrials": {"money": 629950.5, "percent": 6.394787331235408}, "Consumer Cyclical": {"money": 1610896.0, "percent": 16.352613947822555}, "Consumer Defensive": {"money": 273775.0, "percent": 2.7791594761953102}, "Energy": {"money": 140554.5, "percent": 1.4268043853415897}, "Utilities": {"money": 449273.0, "percent": 4.5606841944980205}, "Financial Services": {"money": 2593105.0, "percent": 26.32326667343417}, "Healthcare": {"money": 973084.0, "percent": 9.878022535783169}, "Basic Materials": {"money": 438707.0, "percent": 4.453426048116942}, "Technology": {"money": 1572706.5, "percent": 15.964942645416707}, "Realestate": {"money": 90557.0, "percent": 0.9192670794843163}, "total_amount_invested": 9851000}