{"Communication Services": {"money": 14354.0, "percent": 1.535187165775401}, "Industrials": {"money": 58022.5, "percent": 6.2056149732620325}, "Consumer Cyclical": {"money": 61329.0, "percent": 6.559251336898396}, "Consumer Defensive": {"money": 32176.0, "percent": 3.441283422459893}, "Energy": {"money": 178630.5, "percent": 19.10486631016043}, "Utilities": {"money": 12208.5, "percent": 1.3057219251336898}, "Financial Services": {"money": 163934.5, "percent": 17.533101604278077}, "Healthcare": {"money": 69994.0, "percent": 7.4859893048128345}, "Basic Materials": {"money": 237588.5, "percent": 25.41053475935829}, "Technology": {"money": 79390.0, "percent": 8.49090909090909}, "Realestate": {"money": 27357.5, "percent": 2.925935828877005}, "total_amount_invested": 935000}