{"Communication Services": {"money": 1476411.0594000001, "percent": 4.353652336925699}, "Industrials": {"money": 3286395.2386, "percent": 9.690947666300296}, "Consumer Cyclical": {"money": 4175569.171, "percent": 12.312950626844277}, "Consumer Defensive": {"money": 781874.6140000001, "percent": 2.3055979015812422}, "Energy": {"money": 1009992.7208, "percent": 2.978274337077798}, "Utilities": {"money": 171934.8, "percent": 0.5070026664004089}, "Financial Services": {"money": 13549758.024799999, "percent": 39.95563113258013}, "Healthcare": {"money": 3442576.6476000003, "percent": 10.151496611628252}, "Basic Materials": {"money": 858952.95, "percent": 2.5328870941920845}, "Technology": {"money": 3764103.4603999997, "percent": 11.099617360940346}, "Realestate": {"money": 542098.1134, "percent": 1.5985431043885896}, "total_amount_invested": 33912011}