{"Communication Services": {"money": 29816.5, "percent": 3.36909604519774}, "Industrials": {"money": 92640.00000000001, "percent": 10.467796610169493}, "Consumer Cyclical": {"money": 94020.5, "percent": 10.623785310734462}, "Consumer Defensive": {"money": 76771.0, "percent": 8.674689265536722}, "Energy": {"money": 79089.5, "percent": 8.936666666666666}, "Utilities": {"money": 28586.5, "percent": 3.230112994350282}, "Financial Services": {"money": 120338.5, "percent": 13.597570621468927}, "Healthcare": {"money": 129873.99999999999, "percent": 14.675028248587568}, "Basic Materials": {"money": 57725.0, "percent": 6.5225988700564965}, "Technology": {"money": 157358.0, "percent": 17.78056497175141}, "Realestate": {"money": 18774.5, "percent": 2.121412429378531}, "total_amount_invested": 885000}