{"Communication Services": {"money": 103650.5, "percent": 2.4217406542056072}, "Industrials": {"money": 327955.0, "percent": 7.6625}, "Consumer Cyclical": {"money": 414425.0, "percent": 9.682827102803738}, "Consumer Defensive": {"money": 246777.5, "percent": 5.765829439252337}, "Energy": {"money": 195316.0, "percent": 4.563457943925234}, "Utilities": {"money": 173211.5, "percent": 4.0469976635514024}, "Financial Services": {"money": 811545.5, "percent": 18.961343457943926}, "Healthcare": {"money": 364321.5, "percent": 8.512184579439253}, "Basic Materials": {"money": 759098.5, "percent": 17.73594626168224}, "Technology": {"money": 545560.5, "percent": 12.746740654205608}, "Realestate": {"money": 338149.5, "percent": 7.9006892523364485}, "total_amount_invested": 4280000}